,fname,lname
0,Brian,Chesky
1,Joe,Gebbia
2,Nathan,Blecharczyk
3,John,Collison
4,Patrick,Collison
5,Kyle,Vogt
6,Daniel,Kan
7,Arash,Ferdowsi
8,Drew,Houston
9,Brian,Armstrong
10,Fred,Ehrsam
11,Apoorva,Mehta
12,Max,Mullen
13,Brandon,Leonardo
14,Mike,Sherrill
15,Gabriel,Leydon
16,Halbert,Nakagawa
17,Tony,Xu
18,Stanley,Tang
19,Andy,Fang
20,Laks,Srini
21,Parker,Conrad
22,Josh,Reeves
23,Tomer,London
24,Edward,Kim
25,Steve,Huffman
26,Alexis,Ohanian
27,Baskar,Puvanathasan
28,Andrew,Miklas
29,Alex,Solomon
30,Solomon,Hykes
31,Sebastien,Pahl
32,Reshma,Shetty
33,Jason,Kelly
34,Barry,Canton
35,Austin,Che
36,Tom,Knight
37,Felipe,Villamarin
38,Simon,Borrero
39,Sebastian,Mejia
40,Henrique,Dubugras
41,Pedro,Franceschi
42,Sid,Sijbrandij
43,Dmitriy,Zaporozhets
44,Emmett,Shear
45,Justin,Kan
46,Michael,Seibel
47,Kyle,Vogt
48,Ryan,Petersen
49,Suhail,Doshi
50,Tim,Trefren
51,Jonathan,Perichon
52,Daniel,Yanisse
53,Pete,Koomen
54,Dan,Siroker
55,Jacob,Rosenberg
56,Sasha,Orloff
57,Calvin,French-Owen
58,Peter,Reinhardt
59,Ilya,Volodarsky
60,Ian,Taylor
61,Zachary,Apte
62,Jessica,Richman
63,Hyungseok,Ha
64,Doin,Kim
65,Mike,Knoop
66,Bryan,Helmig
67,Wade,Foster
68,Chad,Rigetti
69,Matthew,Bailey
70,Aaron,Grant
71,Stephen,Lake
72,Dennis,Steele
73,Eric,Rea
74,William,Schlacks
75,Matthew,McDonald
76,Jeff,Lowe
77,Jabbok,Schlacks
78,Brad,Siegler
79,Rob,Rhinehart
80,Matt,Cauble
81,Hunter,Scott
82,John,Coogan
83,Kumar,Thangudu
84,Tracy,Young
85,Ralph,Gootee
86,Kenny,Stone
87,Antoine,Hersen
88,Ryan,Sutton-Gee
89,Brandon,Ballinger
90,Jason,Tan
91,Nicolas,Dessaigne
92,Julien,Lemoine
93,Jarrett,Streebin
94,Sawyer,Bateman
95,Spenser,Skates
96,Curtis,Liu
97,Meron,Gribetz
98,Ben,Sand
99,Bill,Clerico
100,Richard,Aberman
101,Eric,Frenkiel
102,Nikita,Shamgunov
103,David,Rusenko
104,Chris,Fanini
105,Dan,Veltri
106,Alex,Polvi
107,Brandon,Philips
108,Devon,Galloway
109,Edward,Wu
110,Michael,Litt
111,Tyler,Bosmeny
112,Rafael,Garcia
113,Dan,Carroll
114,Robert,Vis
115,Adam,Wiggins
116,James,Lindenbaum
117,Orion,Henry
118,Eddy,Lu
119,Daishin,Sugano
120,Aarjav,Trivedi
121,David,Gausebeck
122,Matt,Bell
123,Matthew,Doka
124,Victor,Ho
125,Marcelo,Cortes
126,Daniele,Perito
127,Max,Rhodes
128,Justin,Kan
129,Adam,McKenzie
130,Joris,Poort
131,Nate,Smith
132,Sarah,Nahm
133,Mathilde,Collin
134,Laurent,Perrin
135,Dhruv,Saxena
136,Divey,Gulati
137,Brett,Northart
138,Rakesh,Tondon
139,Charles,Forman
140,Greg,Schvey
141,Jeff,Schvey
142,Trip,Adler
143,Tikhon,Bernstam
144,Jared,Friedman
145,Leore,Avidar
146,Harry,Zhang
147,Abraham,Heifets
148,Izhar,Wallach
149,Matin,Movassate
150,Ravi,Parikh
151,William,King
152,Alex,Lin
153,Cooper,Mor
154,Jon,Xu
155,Bo,Lu
156,Akbar,Thobhani
157,George,Melika
158,Paul,Dix
159,Todd,Persen
160,Stefan,Lederer
161,Christopher,Mueller
162,Christian,Timmerer
163,Blake,Scholl
164,Arram,Sabeti
165,Fred,Stevens-Smith
166,Russell,Smith
167,Michael,Carvin
168,Philip,Camilleri
169,Alex,Rodrigues
170,Brandon,Moak
171,Harshil,Mathur
172,Shashank,Kumar
173,Ian,Christopher
174,Brent,Newhouse
175,Mudit,Garg
176,Michael,Miller
177,Adam,Kocoloski
178,Alan,Hoffman
179,Yang,Wei
180,Mike,Xu
181,Ryan,Bubinski
182,Zach,Sims
183,Jerry,J
184,Thejo,Kote
185,Cai,GoGwilt
186,Jason,Boehmig
187,Brad,Koch
188,Jesse,Vollmar
189,Andy,Zhang
190,Tony,Li
191,Jason,Wang
192,Richard,Din
193,Vivek,Ravisankar
194,Harishankaran,Harishankaran
195,Hans,Gangeskar
196,Edvard,Engesaeth
197,Zahir,Dossa
198,Joshua,Maciejewski
199,Hien,Nguyen
200,Debo,Olaosebikan
201,Roger,Dickey
202,Joe,Ariel
203,Vanessa,Torrivilla
204,Trevor,Stow
205,Joel,Gillman
206,Jiyan,Wei
207,David,Petersen
208,Oleg,Rogynskyy
209,Andy,Su
210,Jessica,Mah
211,Andrew,Lee
212,James,Tamplin
213,Ilan,Zechory
214,Mahbod,Moghadam
215,Tom,Lehman
216,Elizabeth,Iorns
217,Dan,Knox
218,Kieran,O’Neill
219,Ben,Phillips
220,Ben,Kucsan
221,Kathryn,Minshew
222,Alex,Cavoulacos
223,Melissa,McCreery
224,Lillian,Chou
225,Michael,Babineau
226,Alexandr,Wang
227,Teng,Bao
228,Dafeng,Guo
229,David,Chen
230,Alex,Mather
231,Adam,Hansmann
232,Neal,O’Mara
233,Joseph,Walla
234,Hiroki,Takeuchi
235,Matt,Robinson
236,Tom,Blomfield
